{"loss_G": [1.6721301078796387, 3.3483433723449707, 0.6336115598678589, 2.286694049835205, 2.4271318912506104, 1.3521487712860107, 2.0463738441467285, 2.1559536457061768, 1.4860165119171143, 2.086118698120117, 1.5532668828964233, 2.1660666465759277, 1.191775918006897, 2.8574275970458984, 1.361611008644104, 2.181567430496216, 1.5279110670089722, 2.3835268020629883, 1.403397798538208, 2.869797945022583, 0.7454856634140015, 3.7200396060943604, 1.3878886699676514, 1.8046454191207886, 2.6536295413970947, 1.5021666288375854, 2.29805064201355, 1.9792258739471436, 1.58940589427948, 2.364434003829956, 2.024902105331421, 1.4178950786590576, 2.388416051864624, 1.1408504247665405, 3.3642618656158447, 1.513480305671692, 2.9578821659088135, 1.8788477182388306, 2.777087450027466, 1.6303156614303589, 3.2295780181884766, 1.277573585510254, 3.035001277923584, 1.679192066192627, 2.6118428707122803, 1.4540494680404663, 3.6159796714782715, 1.4458463191986084, 3.1467673778533936, 2.1704697608947754, 2.7745189666748047, 1.8015024662017822, 3.2154738903045654, 1.6083896160125732, 3.9628939628601074, 0.9858737587928772, 4.249579906463623, 1.6697567701339722, 2.476738691329956, 2.8458445072174072, 1.2523784637451172, 4.440317630767822, 0.9648252725601196, 2.526669979095459, 2.3162662982940674, 1.9297785758972168, 2.542644739151001, 2.992488145828247, 1.3124254941940308, 3.0875911712646484, 1.953279972076416, 1.5894341468811035, 2.667482376098633, 1.3689606189727783], "loss_D": [0.5690935850143433, 0.4548366367816925, 0.5200214385986328, 0.755388617515564, 0.4610584080219269, 0.4578443169593811, 0.4430478513240814, 0.3544328808784485, 0.40789029002189636, 0.4850723147392273, 0.49929094314575195, 0.45086878538131714, 0.43364688754081726, 0.47600042819976807, 0.41946840286254883, 0.4390341639518738, 0.41610097885131836, 0.4106866419315338, 0.4118901193141937, 0.4510253071784973, 0.5872583985328674, 0.6999802589416504, 0.6275305151939392, 0.46386587619781494, 0.3861315846443176, 0.4593835473060608, 0.379171758890152, 0.3853708505630493, 0.3279326260089874, 0.3970283269882202, 0.428442120552063, 0.4372274577617645, 0.40890002250671387, 0.45213961601257324, 0.44760799407958984, 0.37395015358924866, 0.30996912717819214, 0.34285208582878113, 0.320726215839386, 0.356713205575943, 0.3702853322029114, 0.39775633811950684, 0.39206749200820923, 0.4101100564002991, 0.4051574766635895, 0.4426707625389099, 0.37860292196273804, 0.42011114954948425, 0.506138801574707, 0.3861069083213806, 0.34903454780578613, 0.320346862077713, 0.3375170826911926, 0.3381345868110657, 0.4394022822380066, 0.5503638982772827, 0.5338446497917175, 0.5310231447219849, 0.46081864833831787, 0.3293699622154236, 0.42598414421081543, 0.5358015298843384, 0.7241095304489136, 0.6645961999893188, 0.5044451951980591, 0.34781524538993835, 0.3278879225254059, 0.3111548125743866, 0.41760867834091187, 0.38873034715652466, 0.3668709695339203, 0.4279341697692871, 0.4911710023880005, 0.45113030076026917]}