{"loss_G": [1.0471100807189941, 3.4641849994659424, 1.64388906955719, 1.310196042060852, 2.1295065879821777, 1.7862956523895264, 1.5749773979187012, 2.0216429233551025, 2.032884359359741, 1.589028000831604, 2.407136917114258, 1.6050221920013428, 2.7127718925476074, 1.7347179651260376, 2.294391393661499, 1.7258310317993164, 3.080991744995117, 1.8766638040542603, 2.279494524002075, 2.3124234676361084, 2.139810800552368, 1.9606804847717285, 2.800647735595703, 1.4668693542480469, 2.8418474197387695, 2.468585968017578, 1.5867725610733032, 2.911942720413208, 1.7524309158325195, 2.844400405883789, 2.123990058898926, 1.9974746704101562, 3.246518850326538, 0.9969397187232971, 3.7398293018341064, 3.06242299079895, 1.7478355169296265, 2.9735960960388184, 2.440761089324951, 1.2607403993606567, 3.559528112411499, 2.7694780826568604, 2.415595531463623, 2.783081531524658, 3.149697780609131, 2.252471685409546, 2.458085060119629, 2.690279245376587, 1.8734550476074219, 2.5650253295898438, 3.1904995441436768, 2.1464433670043945, 2.577008008956909, 2.5822222232818604, 1.9794279336929321, 2.5759775638580322, 2.692744255065918, 2.412062168121338, 2.084836959838867, 2.4757394790649414, 2.571074962615967, 2.529276132583618, 2.0610902309417725, 3.3083605766296387, 1.754658818244934, 3.973437786102295, 2.330245018005371, 1.745962381362915, 3.833746910095215, 2.267094373703003, 2.8956120014190674, 2.1149299144744873, 2.7124533653259277, 3.0790657997131348], "loss_D": [0.5481690168380737, 0.5647509694099426, 0.6422280669212341, 0.5531914234161377, 0.4491198658943176, 0.4972723722457886, 0.4236862063407898, 0.40159881114959717, 0.43742167949676514, 0.38077622652053833, 0.4938880205154419, 0.4830535650253296, 0.44240325689315796, 0.4438016712665558, 0.4228993356227875, 0.4213063418865204, 0.4129871129989624, 0.4414227306842804, 0.5209869146347046, 0.3759559988975525, 0.30916666984558105, 0.43310248851776123, 0.4331803321838379, 0.4945998191833496, 0.324950635433197, 0.3656148314476013, 0.4424822926521301, 0.4553815424442291, 0.42901942133903503, 0.47710514068603516, 0.44550269842147827, 0.41773536801338196, 0.5529470443725586, 0.5975968837738037, 0.6775859594345093, 0.5172913074493408, 0.4378221035003662, 0.5389848947525024, 0.5015082955360413, 0.44438937306404114, 0.5188798308372498, 0.4854598045349121, 0.3576774001121521, 0.35702061653137207, 0.3770964443683624, 0.35961565375328064, 0.40840524435043335, 0.4262884855270386, 0.4238322973251343, 0.3456881642341614, 0.39806756377220154, 0.42073172330856323, 0.41566193103790283, 0.4206586182117462, 0.38437068462371826, 0.3495488166809082, 0.40315568447113037, 0.43658769130706787, 0.3996594548225403, 0.32231447100639343, 0.3857603073120117, 0.34148111939430237, 0.3438583314418793, 0.370967298746109, 0.44961777329444885, 0.4665769934654236, 0.5114946961402893, 0.4115723967552185, 0.380094975233078, 0.4451810121536255, 0.33469831943511963, 0.3866710066795349, 0.35215210914611816, 0.38465040922164917]}