{"loss_G": [3.137688159942627, 0.8143037557601929, 0.5414094924926758, 1.2162050008773804, 1.4297207593917847, 0.9775292277336121, 1.0015133619308472, 1.087270736694336, 1.1983710527420044, 1.1621116399765015, 1.1290432214736938, 1.2339556217193604, 1.3483524322509766, 1.0291308164596558, 1.5795528888702393, 1.0117098093032837, 1.5334035158157349, 0.9061789512634277, 2.303621768951416, 0.42777207493782043, 1.8593955039978027, 1.4177641868591309, 0.9832940101623535, 1.7075507640838623, 0.9914677739143372, 1.6145542860031128, 1.099086046218872, 1.3010423183441162, 1.5708208084106445, 1.27030611038208, 1.6770174503326416, 1.097040057182312, 2.0504026412963867, 0.5484514832496643, 2.484325647354126, 0.9593971967697144, 1.468737244606018, 1.5679281949996948, 1.183513879776001, 1.449494481086731, 1.5006778240203857, 1.2314722537994385, 1.4428441524505615, 1.3849108219146729, 1.5313467979431152, 1.0713584423065186, 2.1223974227905273, 0.8181043863296509, 2.3093106746673584, 1.071086049079895, 2.065340042114258, 1.183188796043396, 1.8652634620666504, 0.9709595441818237, 1.9392567873001099, 1.1846890449523926, 1.6026182174682617, 1.4899834394454956, 1.5020246505737305, 1.7127690315246582, 1.3287664651870728, 2.2672529220581055, 0.735374927520752, 2.9208734035491943, 0.5415975451469421, 2.245645761489868, 1.6575572490692139, 1.4188045263290405, 1.8588480949401855, 1.0889179706573486, 2.121903657913208, 0.9225570559501648, 1.9385713338851929, 1.004821538925171, 1.965580940246582, 1.4500060081481934, 1.2404086589813232, 2.0777924060821533, 1.0863739252090454, 2.227400064468384, 1.209829330444336, 2.2019050121307373, 0.8711701035499573, 2.45865535736084, 1.0772058963775635, 1.9757187366485596, 1.364035964012146, 1.6213831901550293, 1.7794020175933838, 1.5687816143035889, 1.767472267150879, 1.58424711227417, 1.5583055019378662, 1.9041342735290527], "loss_D": [0.5459252595901489, 1.1912050247192383, 0.5621839761734009, 0.6459160447120667, 0.525935173034668, 0.5670201778411865, 0.5455394983291626, 0.5556104183197021, 0.5003990530967712, 0.5305979251861572, 0.5079342722892761, 0.5183822512626648, 0.5002522468566895, 0.4895141124725342, 0.518883466720581, 0.4984967112541199, 0.5040761232376099, 0.517522931098938, 0.5314406156539917, 0.6107781529426575, 0.735628604888916, 0.48318514227867126, 0.4499616324901581, 0.5336519479751587, 0.5220662951469421, 0.5036577582359314, 0.4980297386646271, 0.5187443494796753, 0.48759129643440247, 0.45487597584724426, 0.43623656034469604, 0.496168315410614, 0.5169798135757446, 0.5595844388008118, 0.718976616859436, 0.6082735657691956, 0.542973518371582, 0.4250987768173218, 0.45951831340789795, 0.5029788017272949, 0.42347416281700134, 0.47353869676589966, 0.5193890929222107, 0.47957879304885864, 0.4848195016384125, 0.48554468154907227, 0.5058294534683228, 0.5248652696609497, 0.5358234643936157, 0.47926250100135803, 0.4580986201763153, 0.45783060789108276, 0.45199063420295715, 0.48846161365509033, 0.5381394028663635, 0.48983922600746155, 0.4695306718349457, 0.4211927056312561, 0.4496471881866455, 0.3732024133205414, 0.4292669892311096, 0.39190900325775146, 0.46889564394950867, 0.5925090312957764, 0.6385102272033691, 0.6827483177185059, 0.40843820571899414, 0.38634711503982544, 0.4019181728363037, 0.44911062717437744, 0.5016466975212097, 0.5271086692810059, 0.5780910849571228, 0.520653486251831, 0.5245162844657898, 0.43191853165626526, 0.4655558466911316, 0.4584447145462036, 0.47541046142578125, 0.4670788049697876, 0.44243213534355164, 0.4798663258552551, 0.5033918619155884, 0.5801594853401184, 0.5065609216690063, 0.48568838834762573, 0.40821805596351624, 0.46040308475494385, 0.4436427354812622, 0.38200122117996216, 0.415640652179718, 0.41590428352355957, 0.4499737620353699, 0.46573150157928467]}