{"loss_G": [4.06545352935791, 0.8273562788963318, 1.702273964881897, 2.6298985481262207, 1.8180913925170898, 1.2997764348983765, 1.816462755203247, 2.006450653076172, 1.6401647329330444, 2.0428626537323, 1.6290605068206787, 1.903721570968628, 1.658231258392334, 1.9010224342346191, 1.3208612203598022, 2.3501157760620117, 1.3506370782852173, 2.925147294998169, 1.5633717775344849, 2.595649003982544, 1.8491231203079224, 2.250488758087158, 1.8571324348449707, 2.3573713302612305, 2.169179916381836, 1.889255404472351, 2.9768221378326416, 1.2542394399642944, 4.368458271026611, 0.6980316638946533, 3.7060036659240723, 3.4613101482391357, 1.8986183404922485, 2.7436490058898926, 2.8792531490325928, 2.140507459640503, 2.8525495529174805], "loss_D": [0.4643682837486267, 0.9317324161529541, 0.6739488840103149, 0.5730900168418884, 0.5700308084487915, 0.4429798424243927, 0.4226597845554352, 0.4539693295955658, 0.43884730339050293, 0.4016730785369873, 0.4886355400085449, 0.4053426682949066, 0.4205057621002197, 0.43419015407562256, 0.4213140904903412, 0.40645596385002136, 0.4141826331615448, 0.38597235083580017, 0.35852059721946716, 0.3996724486351013, 0.33614063262939453, 0.49737656116485596, 0.38736414909362793, 0.4062497615814209, 0.37402859330177307, 0.3415101170539856, 0.3489590883255005, 0.37148988246917725, 0.5012210011482239, 0.8155028820037842, 0.6715750098228455, 0.34495803713798523, 0.48500335216522217, 0.4247058629989624, 0.3144311308860779, 0.3987666070461273, 0.3633635640144348]}